domain,title,phone
andoverlandscapingllc.com,Andover Equipment,8607426043
pethermalacandheatinginstallationllc.com,,6825615677
bosancuconstruction.com,Bosancu Construction,2064061324
navarretesrepair.com,Parked Domain name on Hostinger DNS system,2147483647
verweypainting.com,Parked Domain name on Hostinger DNS system,2147483647
brisbaneflooring.com,The domain name Brisbaneflooring.com is for sale,7372186046
thegreatcleaners.com,Parked Domain name on Hostinger DNS system,2147483647
glasscrafteurope.com,The domain name glasscrafteurope.com is for sale,7372186046
thehabitatdesign.com,深圳前海联讯技术有限公司,9365419365
ellure-consulttingservices.com,Ellure Consultting Services Pune,7020747874
newportlandscaper.com,The domain name Newportlandscaper.com is for sale,7372186046
goldentriangleroofing.com,The domain name goldentriangleroofing.com is for sale,7372186046
concretelandscapecurbing.com,The domain name ConcreteLandscapeCurbing.com is for sale,7372186046
warifdesign.com,Parked Domain name on Hostinger DNS system,2147483647
greenblueremodelinginc.com,Green & Blue Remodeling Inc - Painting & Drywall Service in Minneapolis,6125580119
prompt-designs.com,Parked Domain name on Hostinger DNS system,2147483647
topservicesroof.com,Best Orlando Roof Company | Roof Top Services,4074760260
treeservicesmansfield.com,The domain name treeservicesmansfield.com is for sale,7372186046
artbyproof.com,Parked Domain name on Hostinger DNS system,2147483647
ralphcarpenterroofinc.com,"| Ralph Carpenter Roofing Inc | Brevard County, Melbourne Florida",3214092931
rainbowsoftservices.com,白山市医疗设备销售部,2178847223
corpexecutivesprotectionservices.com,Parked Domain name on Hostinger DNS system,2147483647
facinoheatingandair.com,Facino Heating and Air,9163964000
ferrellshvac.com,Ferrell's Heating & Air,7063272829
fim-designs.com,Parked Domain name on Hostinger DNS system,2147483647
reliableroofinginc.com,"Reliable Roofing Inc. | Roofing Service | Merritt Island, FL",3217597386
kontraktor-interior.com,Parked Domain name on Hostinger DNS system,2147483647
kopaving.com,Parked Domain name on Hostinger DNS system,2147483647
planetmillidesigns.com,Reconnect Your Domain | Wix.com,2147483647
pineapplepoolpros.com,Pineapple Pool Pros,9162596666
polishedfoxcleaningco.com,Reconnect Your Domain | Wix.com,2147483647
precisionbuildingnewcastle.com,Reconnect Your Domain | Wix.com,2147483647
plumbingoakville.com,Buy and Sell Domain Names | Dan.com,7372186046
pristinecleanersnumberonellc.com,Reconnect Your Domain | Wix.com,2147483647
procitycleaningsolutions.com,pro city cleaning solutions,3057622013
rebecca-hills-design.com,Reconnect Your Domain | Wix.com,2147483647
puthumangalambuilders.com,Puthumangalam Builders | Home,8086062111
prolandscapinghobart.com,Reconnect Your Domain | Wix.com,2147483647
pretty-clean-co.com,Pretty Clean Co.,9472343962
uzumaservices.com,Financial Services Consulting | Uzuma Services Inc.,8007888023
professionalfilingservice.com,"Professional Filing Service | paperwork filing | 595 North La Cadena Drive, Colton, CA, USA",8589521755
pizzerianextdoor.com,"Pizza Factory - Amesbury, MA",9788349991
vadisandsonslawncare.com,VADISANDSONSLAWNCARE,9103889343
reputable-paving.com,Home | Reputable Paving,8886252946
valuecleaningllc.com,Reconnect Your Domain | Wix.com,2147483647
retailitservices.com,Buy and Sell Domain Names | Dan.com,7372186046
vapestake.com,VapeStake.com is for sale | HugeDomains,3038930552
reputableroofingrepair.com,Roofing Repair Now,7153540427
raggcleaning.com,Ragg Cleaning | Cleaning made simple | raggcleaning.com,8667547244
venturarecoveryservices.com,Point Break Recovery | Addiction Treatment in Ventura CA,8055863472
vipnurseservices.com,Expert Private Skilled Nursing Care for Post-Op Patients | VIP Nursing Services,3862991103
procarpetrestretchersandrepairs.com,Profile Under Construction,8005790710
wandsworthplumbingandheating.com,Reconnect Your Domain | Wix.com,2147483647
wearablydesigns.com,Home - wearablydesigns.com,7018146992
waplesavedesign.com,HOME | Waples Ave Propertie,2147483647
watertankcleaningservices.com,The domain name WaterTankCleaningServices.com is for sale | Dan.com,7372186046
weildesign.com,Reconnect Your Domain | Wix.com,2147483647
vrglassesdeals.com,The domain name VRglassesDeals.com is for sale | Dan.com,7372186046
waterproofx.com,Buy and Sell Domain Names | Dan.com,7372186046
wengerlawnnurseryco.com,Wengerlawn Nursery Co,9378847692
lagunalandscaper.com,The domain name Lagunalandscaper.com is for sale,7372186046
williamsrebuildingservicesinc.com,Williams Rebuilding Services Inc.,7867544135
wilsonstearnsdesign.com,wilsonstearnsdesign,2147483647
willownaturalstonepaving.com,Reconnect Your Domain | Wix.com,2147483647
willqualitytransportationservices.com,Will Quality Transportation Services - Transportation in Pembroke Pines,7863400055
windowreplacing.com,The domain name WindowReplacing.com is for sale | Dan.com,7372186046
wraparoundesign.com,"My Store
American ExpressApple PayDiners ClubDiscoverMeta PayGoogle PayMastercardPayPalShop PayVenmoVisa",5718441249
waistedbodysculptingservices.com,Waisted Body Sculpting Services,5012261684
landscapinghonolulu.com,The domain name LandscapingHonolulu.com is for sale,7372186046
yourdesignwebsite.com,Reconnect Your Domain | Wix.com,2147483647
yenovadesign.com,Yenova Design,9292426868
windowsbyzach.com,Windows By Zach,9715334627
niksoftdesigns.com,The domain name niksoftdesigns.com is for sale,7372186046
stameyconstruction.com,Stamey Construction,8285772193
hustonandsonsautorepair.com,,4064227694
hypesta.com,The domain name hypesta.com is for sale,7372186046
matzenconstruction.com,Matzen Construction,4022782552
discountautoglassnashville.com,Discount Auto Glass,6157723709
mechanicalservicesllc.com,The domain name mechanicalservicesllc.com is for sale,7372186046
dollarlandscaping.com,Dollar Landscaping,2392074141
memphisductcleaning.com,The domain name memphisductcleaning.com is for sale,7372186046
localphoneservices.com,The domain name localphoneservices.com is for sale,7372186046
tetservicetrasporti.com,Reconnect Your Domain | Wix.com,2147483647
thecleaningbrigade.com,Home | The Cleaning Brigade,2147483647
thedoorrestaurantnyc.com,Reconnect Your Domain | Wix.com,2147483647
thedoormedford.com,The Door Christian Church | Medford OR | The Door Christian Church,5415008595
gabrielascleaning.com,Gabriela's Cleaning Service,8086825325
thepoolprofessionalsmaui.com,Reconnect Your Domain | Wix.com,2147483647
thepoolcleaners.com,The domain name ThePoolCleaners.com is for sale | Dan.com,7372186046
tjsseptictankservices.com,Reconnect Your Domain | Wix.com,2147483647
tmchomeservices.com,Reconnect Your Domain | Wix.com,2147483647
toso-renovation.com,Reconnect Your Domain | Wix.com,2147483647
topofthelinehomeservicesllc.com,Reconnect Your Domain | Wix.com,2147483647
truenorthtechnicalservices.com,True North Technical,2147483647
trumpinteriors.com,Reconnect Your Domain | Wix.com,2147483647
twintreeservicellc.com,Home | Twin Tree Service,5072981837
tyreseautorepair.com,Reconnect Your Domain | Wix.com,2147483647
trinitynotaryservices.com,The domain name TrinityNotaryServices.com is for sale | Dan.com,7372186046
unitedcommunicationservices.com,The domain name UnitedCommunicationServices.com is for sale | Dan.com,7372186046
elev8tdesigns.com,Reconnect Your Domain | Wix.com,2147483647
elitecleaningguys.com,Home | Elite Cleaning Guys,3215415624
embracelandscapes.com,Embrace Landscapes | Pool and Landscape design,2147483647
emanuel-design.com,Reconnect Your Domain | Wix.com,2147483647
enexlawn.com,EnexLawn.COM is for sale | HugeDomains,3038930552
enexservices.com,EnexServices.COM is for sale | HugeDomains,3038930552
estradahomerepairs.com,Estrada's Home Repairs,9136171472
chrisbuilder.com,Home,8475619052
evermanroofing.com,Home | Everman,8047127438
fableinterior.com,fableinterior,9283592844
falconridgefieldservices.com,GKG | The DNSSEC Friendly Registrar with Free DNS,8776951790
superdavebuysjunkcarsandtrucks.com,We Buy Junk Cars In San Antonio Texas - Super Dave Buys Junk Cars And Trucks,2109942827
eliteplumbingsolutionllc.com,Elite Plumbing Solutions LLC,2104680770
fasttrackerpostalservices.com,Global Priority Shipping Agency,5109362551
flcomputerservice.com,"Expert Computer Repairs in Florida | Fast, Affordable Service",5614758052
firstclasshandymanservices.com,Home | First Class Handyman,2147483647
formalinedesigns.com,Formaline Design & Construction,9493946912
fshconcretepalisad.com,Reconnect Your Domain | Wix.com,2147483647
foxtreedesigns.com,Foxtree Designs – Media | Apparel | Embroidery,2407518588
fredhallsbilservice.com,"Fredhälls bilservice | Biltvätt Kungsholmen Bilservice Kungsholmen | Rålambsvägen19  11259  , Stockholm, SverigeBiltvätt Kungesholmin Bilservice FredhällsBilservice Biltvätt Däckbyte HandtvättFredhälls bilservicebilservice stockholm",2147483647
forensicpsychologicalservices.com,The domain name ForensicPsychologicalServices.com is for sale | Dan.com,7372186046
forwardairservice.com,Forward Air Service – We are the best deliver company around the globe,8603233165
fufuboyzcleaning.com,Home | My Site,9198021873
fullbulldesign.com,FullBull Design | custom gifts,2147483647
fishhawkpowerwash.com,FishHawk Pressure Washing,8134800349
erikslawnandleaf.com,Erik's Lawn and Leaf,2402788561
fordpooler.com,"New Fords for Sale Hardeeville SC | OC Welch Ford Lincoln | Near Savannah, GAFacebookDealerrater",8432880100
junknmadness.com,Junk’N Madness - Builders | Kerens,9035193453
junkremovalsolutions6llc.com,Home | Junk Removal Solutions LLC,3609612408
kahaanidesignstudio.com,Architect | Kahaani Design Studio | Mumbai,2147483647
kelilaradesign.com,GENERAL INFO | My Site,2147483647
kellybrowninstructionaldesignerportfolio.com,Home | Kelly Brown InstructHomepage,2147483647
kykycleaningservices.com,Reconnect Your Domain | Wix.com,2147483647
knital-personal-care-services-of-georgia.com,About us,4048571971
laidbackjanitorialservices.com,Laid Back Janitorial Services LLC,5024158071
landvpainting.com,L and V Painting,2103252746
laverniaphonerepair.com,"The Computer Loft - Computer Repairs, Smart Phone Repairs",2102491593
lawncareservices21.com,Reconnect Your Domain | Wix.com,2147483647
lawndelfino.com,lawns service delfino,9728415059
liamtheteacherneurodiversityservices.com,Liam The Teacher Neurodiversity Services  |  Training - Consultancy - Support,2147483647
livdesignprojects.com,"livdesign, interieur design, design, interieur, inrichting, modern inrichting | interieur",2147483647
ltcconstructionservicesolutions.com,Leading Construction Experts | Residential & Commercial Services,9256236157
lovejoycleaningservices.com,lovejoycleaningservices.com,3154096577
luxuryrecoveryservices.com,Point Break Recovery | Addiction Treatment in Ventura CA,8055863472
loggerhead-construction.com,"Building Contractor - Kitchen Remodeling - Palm beach Gardens , FL| Loggerhead Construction and Remodeling, Inc",5617229832
lushlawnsdetailing.com,Lush Lawns & Detailing,4056136129
sfgaragedoorrepair.com,My Door Tec,4158060710
basementremodelingpros.com,The domain name BasementRemodelingPros.com is for sale,7372186046
rodriguezmobileservices.com,Reconnect Your Domain | Wix.com,2147483647
rochaslandscaping.com,Rocha's Landscaping,5059484400
jaceconstruction.com,The domain name JaceConstruction.com is for sale,7372186046
rosecounselingtherapyservices.com,Reconnect Your Domain | Wix.com,2147483647
jandmautoservice.com,J & M Auto Services,2094704101
roofcleaningcapecoral.com,Roof Cleaning Cape Coral – Roof Cleaning Services in Cape Coral Florida,2398263184
beautyservicess.com,Beauty saloon,7193971943
rogers-designbuild.com,Web Hosting by InMotion Hosting,7574166575
ryrockconstruction.com,RyRock Roofing & Construction,2407239295
sandownsepticrepairpros.com,Home - Sandown Septic Repair Pros,6036349966
sarahsmagicmoppscleaningservices.com,Mysite Sarah's magic mopps cleaning services | Quality Cleaning Services | Dumfries and Galloway,2147483647
scrubnrubcleaningsolutions.com,Scrub N Rub,7028030819
santellanpainting.com,"Santellan Painting - Glendale, Az",6264274831
securityguardpatchdesignandcompanystartup.com,SUZANNE PELL ENTERPRISES,8185887291
scarletmeyerdesign.com,Home | Scarlet Meyer Design,7162508786
sellmyhouseservices.com,Home - Property Peace,6148107355
service-scsmailuthamz.com,Reconnect Your Domain | Wix.com,2147483647
sgs-clean.com,Reconnect Your Domain | Wix.com,2147483647
samslawnllc.com,,3867484543
samanthajonesdesigns.com,Samantha,8432592996
scientificinstrumentservices.com,Buy and Sell Domain Names | Dan.com,7372186046
handyman-in.com,Home - Handyman Services,7657613950
besttxroofer.com,The domain name Besttxroofer.com is for sale,7372186046
blazeconstructionllc.com,Blaze Construction LLC,3045217368
bnhpestcontrol.com,Reconnect Your Domain | Wix.com,2147483647
bluewingroofingco.com,Home | Blue Wing Roofing Company,3035962948
brandnewpainting.com,Brand new painting,6108442406
buildbikebetter.com,Reconnect Your Domain | Wix.com,2147483647
buildrightconstructionprollc.com,Home Page,6172700081
buildwithgws.com,Build With GWS,5599255998
buildyourdreamherd.com,"Home | Christensen Genetics | Weston, ID",2085899988
cahallconstruction.com,Reconnect Your Domain | Wix.com,2147483647
dayandnightglassllc.com,Reconnect Your Domain | Wix.com,2147483647
cdarchdesign.com,Reconnect Your Domain | Wix.com,2147483647
daviselectricalservices.com,The domain name DavisElectricalServices.com is for sale | Dan.com,7372186046
cesarhousecleaning.com,Web Page Under Construction,8008628921
cepeleconstruction.com,"Cepele Construction | loft conversion | London, UK",2147483647
cheapvrglasses.com,The domain name CheapVRglasses.com is for sale | Dan.com,7372186046
chimneysweepmansfieldbazzathebrush.com,"Chimney Sweep Mansfield Bazza the Brush | Chimney | Forest Town, Mansfield, UK",2147483647
davisrepairs.com,Davis Repairs | Home Repairs  | Allegheny County,8000000000
clcontractorllc.com,3 General Contractor,5712838682
denverwindowscleaning.com,Denver Windows Cleaning,7202859183
chrosadesign.com,Reconnect Your Domain | Wix.com,2147483647
boisecommercialwindowtinting.com,"Boise Commercial and Home Window Tinting - Home and Commercial Window Tinting Boise, ID 208-877-4388",2088774388
cedarcityroofingpros.com,"Roofing Company | Roofing Contractors | Cedar City, UT",4354852935
charlottebackflowrepair.com,"Charlotte Backflow- Charlotte, NC | Backflow Prevention Contractor, Backflow Tester, Commercial Plumber",7043612026
chiprepairsplus.com,Home | WELCOME TO THE ONE STOP MOBILE SHOP FOR WINDSHIELD REPAIRS,9735008521
designerwreathsbyroberta.com,Home | Designer Wreaths By,2147483647
designsbytamanna.com,Home | .,2147483647
designtechpod.com,Reconnect Your Domain | Wix.com,2147483647
djwebdesigns.com,Affordable Web Design services by DJ Web Designs,6306991631
digitaldiscountserviceinc.com,Digital Discount Service,8008310384
drewtractorservices.com,Drew Tractor Services,7817497424
dgosconstruction.com,Reconnect Your Domain | Wix.com,2147483647
easyservicesma.com,We here for you affordable and reliable services,2023893404
drivewayrepairsquad.com,Home | Driveway Repair Squa,9716016462
drainworksplumb.com,Reconnect Your Domain | Wix.com,2147483647
donerightdoors.com,The domain name donerightdoors.com is for sale | Dan.com,7372186046
easterncarolinapressurewashing.com,Home,9104590784
donsheatingandairconditioning.com,Don's Heating and Air Conditioning,8056832233
doorlyapp.com,Buy and Sell Domain Names | Dan.com,7372186046
daytonwebsitedesigner.com,Make It Count Creative - Website Design Springboro Ohio,9372038154
ecoscapeservices.com,Home | Eco Scape,5154473716
doherty-immigration-services.com,Doherty Immigration Services - Making Immigration Easy!,7812586592
cleanwtr.com,CleanWtr.com is for sale | HugeDomains,3038930552
cleanmom.com,The domain name cleanmom.com is for sale | Dan.com,7372186046
coasterjunk.com,Reconnect Your Domain | Wix.com,2147483647
coastalhomeandofficecleaning.com,Coastal Home and Office Cleaning - Home,3214583854
colemansautorepair.com,Coleman's,3016326952
collegekidzcleaningservice.com,College Kidz cleaning service,2236222371
maidztorontohousekeeping.com,Reconnect Your Domain | Wix.com,2147483647
malcolmsmaintenance.com,Reconnect Your Domain | Wix.com,2147483647
shhomeservices.com,Reconnect Your Domain | Wix.com,2147483647
shamrockplumbingandmechanical.com,Albany Bass Club - Home,2298812250
dpshinecleaningservices.com,DPSHINE – Cleaning that torches the heart,9712392461
constructioncleanupoc.com,Home | Kaptevat,9499224898
countrysidehomeandoutdoor.com,"Countryside Home & Outdoors
 – Countryside Home & OutdoorsAmerican ExpressApple PayDiners ClubDiscoverMeta PayGoogle PayMastercardPayPalShop PayVenmoVisa",2147483647
coastalcargoservices.com,Coastal Courier Services,2406631599
marymarycleaning.com,Reconnect Your Domain | Wix.com,2147483647
custombuildsuk.com,Reconnect Your Domain | Wix.com,2147483647
mcleandesignassociates.com,McLean Design Associates,2024760055
showservicesalerno.com,Reconnect Your Domain | Wix.com,2147483647
currysconnectcleaning.com,CURRYS CONNECT,2162451815
dandrpressurewashing.com,Home,9104590784
dandeliondesigncrew.com,DandelionDesignCrew - EtsyPaypalVisaMastercardDiscoverApple PayKlarnaGiftcardUS,5078978233
mayanacadesigns.com,Online Jewellery Shop | Mayanca-Designs | United Kingdom,2147483647
constructionordonez-llc.com,Ordoñez Construction LLC - Ordoñez Construction LLC: el líder en construcción de calidad,7026265797
shrikiconstruction.com,Home - Shriki Construction,8005551234
mdigitaldesigns.com,"HOME | MDIGITAL DESIGNS featuring Web Design, Content Management, Photography and Videography, Writing, and Editing",4802017306
meggscustomdesigns.com,Reconnect Your Domain | Wix.com,2147483647
silverliningcounselingservices.com,Buy and Sell Domain Names | Dan.com,7372186046
merusribuilders.com,Reconnect Your Domain | Wix.com,2147483647
compassschoolofcivilservices.com,Compass School of Civil Services – Best IAS Coaching in Kerala,8086797836
metroremodelingservice.com,Longer Lasting and Tough Build,9728910440
meridianplumbers.com,The domain name MeridianPlumbers.com is for sale | Dan.com,7372186046
meridianelectricianservices.com,Meridian Electrician Services | Home,2084358354
mikegavinpainter.com,Reconnect Your Domain | Wix.com,2147483647
smartbuildingautomation.com,SmartBuildingAutomation.com is for sale | HugeDomains,3038930552
snsremodelingservices.com,"Home | SnS
Remodeling
Serv",7083915737
smart-windows.com,The domain name Smart-Windows.com is for sale | Dan.com,7372186046
milandscapedesign.com,The domain name MILandscapeDesign.com is for sale | Dan.com,7372186046
mindfulcleaningcompany.com,Home | The Mindful Cleaningarrow&amp;v,2693527472
millstreamconstruction.com,The domain name MillStreamConstruction.com is for sale | Dan.com,7372186046
modernlifestylecleaning.com,Reconnect Your Domain | Wix.com,2147483647
mohsenconstructions.com,Home | mohsencontructions,4053231351
mjhgardenandpropertymaintenance.com,MJH garden and property maintenance | uttoxeter gardening,2147483647
motherscrubberscleaning.com,Mother Scrubbers Cleaning Services | cleaning,4123774464
southeastprojectdesign.com,Reconnect Your Domain | Wix.com,2147483647
muddysunflowerdesigns.com,Reconnect Your Domain | Wix.com,2147483647
muddbroscleaning.com,MUDD Bros Commercial Cleaning,6029229822
southtexasphonerepair.com,"The Computer Loft - Computer Repairs, Smart Phone Repairs",2102491593
myphonerepaircv.com,Reconnect Your Domain | Wix.com,2147483647
mjqualitypainting.com,MJ Quality Painting Inc – Where Quality Meets Color!,9542897161
sparkingclean.com,Reconnect Your Domain | Wix.com,2147483647
myquickrepair.com,My Quick Repair | Electronic Repair,3477222140
mesacommercialwindowtinting.com,"Mesa Commercial Window Tinting - Home and Commercial Window Tinting Mesa, AZ 480-462-5369",4804625369
springspressurecleaning.com,springs pressure cleaning,2608326092
spoiltproof.com,GKG | The DNSSEC Friendly Registrar with Free DNS,8776951790
ssinspections.com,HugeDomains.com,3038930552
ssjconstruction.com,Reconnect Your Domain | Wix.com,2147483647
steadfastaccountingservices.com,Steadfast Accounting Services LLC,8122081223
mermaidandwolf.com,Geo Cars App – THE ON-DEMAND CAR RENTAL APP,2402929261
stinsonlawncareandmoving.com,Stinson Lawn Care & Moving,3073517041
cleaningtoolss.com,Effective cleaning equipment for a spotless home | Cheap Cleaning Equipment Store,2027262370
superlushclean.com,Reconnect Your Domain | Wix.com,2147483647
swissdigitalmarketingservice.com,Swiss Digital Marketing Service | Accueil,2147483647
targetpestcontrolipn.com,Reconnect Your Domain | Wix.com,2147483647
tampainternetproviders.com,The domain name tampainternetproviders.com is for sale | Dan.com,7372186046
springborowebsitedesigner.com,Make It Count Creative - Website Design Springboro Ohio,9372038154
affordablewildlifesolutions.com,The domain name affordablewildlifesolutions.com is for sale,7372186046
hdslandscaping.com,HDS Landscape Design Center & Lawn Maintenance,7039323438
swimmingpool-sale.com,Above Ground Pool Store -- Power Up Your Projects with PrecisionPro Drill Set,2196039842
mytestjunkies.com,Automation Testing for starters | Api Automation,2147483647
nakamaconstructionservicesllc.com,Home | Nakama Construction,2147483647
nbdconstructionwi.com,NBD Construction,2792027929
ncmaidtoclean.com,Home | Maid To Clean Nc/deep cleaning/salisbury nc,7042847764
neodesignvisualizer.com,Home | NeoDesign Visualizer,2147483647
nhroofcoatings.com,Buy and Sell Domain Names | Dan.com,7372186046
nextleveldrywallmv.com,Next Level Drywall and Restoration,7742630411
nplandscapingprofessionals.com,My Store,2285477924
nspireddesignsbytiny.com,Home | Nspired Designs By T,2147483647
gastonlandscapingservices.com,Reconnect Your Domain | Wix.com,2147483647
offcolorpainting.com,Reconnect Your Domain | Wix.com,2147483647
october24construction.com,HOME | My Site,9548264525
getcleangeeks.com,Reconnect Your Domain | Wix.com,2147483647
getproofing.com,GetProofing.com is for sale | HugeDomains,3038930552
glassslipperclean.com,Glass Slipper Cleaning,7273135442
glrenovationexpert.com,Grand Lake Renovation Expert,9189650325
gogglerepairs.com,The domain name GoggleRepairs.com is for sale | Dan.com,7372186046
greatlawnservicellc.com,Reconnect Your Domain | Wix.com,2147483647
gogglerepair.com,The domain name GoggleRepair.com is for sale | Dan.com,7372186046
owensweldingandrepair.com,Owens welding,8653130023
gogglesrepair.com,The domain name GogglesRepair.com is for sale | Dan.com,7372186046
openseamarineservices.com,OPENSEA MARINE SERVICES,2169454195
packagingservicesonline.com,Moes Group  | Brand developmentarrow&amp;v,8186662955
greenservicegroup.com,GreenServiceGroup.com is for sale | HugeDomains,3038930552
paintboxrecs.com,Home | Paintbox Records,6318388314
nasim-landscaping-uae.com,مؤسسة نسيم الزهرة لاند سكيب للمقاولات العامة بالأمارات العربية المتحدة,3268905543
gxdoor.com,GxDoor.com is for sale | HugeDomains,3038930552
h1cleaningsolution.com,Home | H1 Cleaning Solution | residential and commercial cleaning,4018680505
parmaconcretecompany.com,"Concrete Contractor & Concrete Company in Parma, OH",4406893684
hallelitepools.com,"Pool cleaning ,Pool construction | Pool cleaning | Austin, TX, USAHomepageHomepage",7373263200
handywomanhome.com,Reconnect Your Domain | Wix.com,2147483647
handymanhoneydo.com,Reconnect Your Domain | Wix.com,2147483647
happycarpetcleaner.com,Bathtub Refinishing Los Angeles | Bathtub Reglazing,3104014491
happylawnscare.com,Reconnect Your Domain | Wix.com,2147483647
hardkrafteddesignz.com,Home | Hardkrafted Designz,7606942951
hdesignbrass.com,Reconnect Your Domain | Wix.com,2147483647
heinrich-painting.com,Heinrich Painting,7863078658
hermesdesigns918.com,Home | Hermes Design 918,8169182102
hispanicmultiservices.com,Home | Hispanic Multiservic,6693092476
getqualityservicesreviews.com,Profile Under Construction,8005790710
greensgaragedoor.com,Green's Garage Door Services LLC | Locally Owned & Operated Garage Door Repair | Green's Garage Door Services LLC,5403006225
newoutdoorgears.com,"Summer essentials! Beach towels are on sale at low prices, grab them now!",2106172611
outdoorgearsdeals.com,"Enjoy your ride, starting with specials on cycling accessories!",2069155622
aneezdesign.com,Reconnect Your Domain | Wix.com,2147483647
greyhoundhomeservice.com,Greyhound Home Services,3419395901
an-contracting.com,Aaron Nevalainen Contracting LLC,5079513278
outdoorapparelit.com,"Grandi sconti sull'attrezzatura da viaggio, acquisti one-stop per rendere il tuo viaggio più perfetto!",2126281880
aognotarydocumentservices.com,Home,8449064800
arcongroupdesign.com,Dorly's Site,3215555555
armorhomeservices.com,The domain name ArmorHomeServices.com is for sale | Dan.com,7372186046
outdoorappareldk.com,Eventyrrejsen begynder med professionelle friluftslivsprodukter! Særlige tilbud overraskelser!,2026804221
artmonkdesigns.com,Reconnect Your Domain | Wix.com,2147483647
arjunnetservice.com,"eaadhar PRINT PORTAL ,RAJ PRINT PORTAL,PRINTSPORTALS,BK PRINT PORTAL ,GK PRINT PORTAL",8002889235
artisanmarineconstruction.com,Artisan Marine Construction,4013646793
ashdesigned.com,Reconnect Your Domain | Wix.com,2147483647
astrospaintingdenver.com,Residential & Commercial | Astro's Painting LLC | Aurora,7202528270
jimmyleetransportservicesllcgmail.com,,2293769305
australianstructurallandscaping.com,Reconnect Your Domain | Wix.com,2147483647
avodahcleaningsolutions.com,Reconnect Your Domain | Wix.com,2147483647
az-full-spectrum-outdoors.com,DIY Scouting Packages |  Arizona Full Spectrum Outdoors,5204909468
babundesign21.com,Reconnect Your Domain | Wix.com,2147483647
bel-utifulcleaning.com,Reconnect Your Domain | Wix.com,2147483647
belkcleaningllc.com,Belk Cleaning LLC,4705930781
barnetttransportrepair.com,"Barnett Transport Repair – Your source for transport repair in Juneau, Wisconsin",9203823487
axialdesignstudio.com,Buy and Sell Domain Names | Dan.com,7372186046
berendeswindowcleaning.com,"Berendes Window Cleaning | Window Cleaning | Cedar Rapids, IA, USA",5636769469
blackdouglassinstitute.com,The Black Douglass Foundation – Come to The Black Douglass and Let's Get It Done!,7746443285
holychaosdesign.com,Holy Chaos Design | veteran-owned small business,2147483647
hookemservices.com,"Hookem Services, LLC – Handyman Services | Hurricane Preparation Services | Residential | Commercial",3524285553
hoosierwindowcleaning.com,Hoosier Property Masters,2604089003
housespainters.com,JPRM PAINGTING LLC,2604185709
hvacplatform.com,HugeDomains.com,3038930552
imperialconcreteplus.com,Reconnect Your Domain | Wix.com,2147483647
idesignlabs.com,The domain name idesignlabs.com is for sale | Dan.com,7372186046
hzscontractornj.com,HZ's Contractor in New Jersey – HZ's Contractor can provide you the doors or windows you need.,9085834456
innovativeconstructioninc.com,Expert Construction Services | Building Your Vision | Innovative Construction,6176789099
infiniteconstructions.com,The domain name infiniteconstructions.com is for sale | Dan.com,7372186046
interiordesigncollective.com,InteriordesignCollective.com is for sale | HugeDomains,3038930552
iullahconstruction.com,Reconnect Your Domain | Wix.com,2147483647
jandlallgreenlandscaping.com,Reconnect Your Domain | Wix.com,2147483647
jacobsocdlawn.com,Jacobs OCD lawn care,9319963675
jaysboatandrvservices.com,Jays Boat And Rv Rental | boat tour | Chatham County,2147483647
jenevdheeverdesigns.com,Reconnect Your Domain | Wix.com,2147483647
jazzlaynescleaning.com,Home | My Site,8182179878
jnscleaners.com,Reconnect Your Domain | Wix.com,2147483647
joyfulrydesandservices.com,Reconnect Your Domain | Wix.com,2147483647
jpservicestexas.com,Reconnect Your Domain | Wix.com,2147483647
ji-landscaping-llc.com,J&I Landscaping LLC,8648715968
jacksonvilleturfclean.com,Turf Clean,7815897559
jcagservicesllc.com,Inicio,3216665555
hurstfingerprintingservice.com,Hurst Fingerprinting Service,6824289032
hrpainting1.com,H&R Painting,7044934342
hudsonvalleyitservices.com,"JK TECHS | IT Services, Computer Repair & Web Design |  We Fix PC / MAC, Networking, Security Camera Installation & More",8452982161
jewelcraftdesignsbyj.com,Jewel Craft Designs By Janice,9782253436
3ddesignvisual.com,Reconnect Your Domain | Wix.com,2147483647
10xhvac.com,The domain name 10XHVAC.com is for sale | Dan.com,7372186046
3g-roof.com,Home | 3g Roof,2147483647
a-repair-masters.com,Alpha Repair Masters LLC,7278778782
aaronsroofingrva.com,"Aaron’s Roofing, Inc.",8049983498
aaclservice.com,Reconnect Your Domain | Wix.com,2147483647
accscontractors.com,Reconnect Your Domain | Wix.com,2147483647
abovedoor.com,"360 Overhead Doors | Residential Service|2802 Flintrock Trace, Lakeway, TX, USA",5128974805
abhijeetbanerjeedesigns.com,Reconnect Your Domain | Wix.com,2147483647
adriellenicoledesign.com,Reconnect Your Domain | Wix.com,2147483647
acrescuehvac.com,Reconnect Your Domain | Wix.com,2147483647
airfair-hvac.com,"Air Fair Heat & Air, LLC",4056261989
aleapoffaithdesigns.com,"A Leap Of Faith Designs
American ExpressDiners ClubDiscoverMastercardPayPalShop PayVenmoVisa",5718441249
aliyahspetservices.com,Reconnect Your Domain | Wix.com,2147483647
all-in-onepressurewashdetailservicesllc.com,"ALL-IN-ONE PRESSURE WASH &DETAIL SERVICES LLC in Scottsdale, Arizona",6028459751
activehandymanservicesnyc.com,Active Handyman Services NYC – Handyman Services,9293571630
alphatradingservices.com,Reconnect Your Domain | Wix.com,2147483647
amaraconstruction.com,The domain name AmaraConstruction.com is for sale | Dan.com,7372186046
4townpropertyservices.com,www.4TownPropertyServices.com - 4 Town Property Services,8608710010
ambientinteriordesigns.com,"Local Interior Design Company In Houston, TX - A. Ambient Interiors",7134448705
